,AAPL,GOOGL,MSFT,TSLA
AAPL,0.09902753636341108,0.04649323167308776,0.031550071943754636,0.08978642757078155
GOOGL,0.04649323167308776,0.0914446060476483,0.025418215351939867,0.08343673857520763
MSFT,0.031550071943754636,0.025418215351939867,0.06870868833303513,0.06174918906140447
TSLA,0.08978642757078155,0.08343673857520763,0.06174918906140447,0.3216250667289618
